ID,#REF!,Bundle,Field label,Machine name,X,Dev,QA,Field group,Field type,Ref. bundle,Req'd,Vals.,Form widget,Trns.,Settings/notes,Help text
,Content type,Benefits detail page,Alert,field_alert,x,,,,Entity reference,,,1,Entity browser,,,
,Content type,Benefits detail page,Featured content,field_featured_content,x,,,,Entity reference revisions,,n,*,Paragraphs EXPERIMENTAL,n,,
,Content type,Benefits detail page,Generate a table of contents from major headings,field_table_of_contents_boolean,x,,,,Boolean,,,1,Single on/off checkbox,y,,
,Content type,Benefits detail page,Main content,field_content_block,x,,,,Entity reference revisions,,y,*,Paragraphs Browser EXPERIMENTAL,,,
,Content type,Benefits detail page,Meta description,field_description,x,,,,Text (plain),,y,1,Textfield with counter,n,,
,Content type,Benefits detail page,Meta tags,field_meta_tags,x,,,,Meta tags,,n,1,Advanced meta tags form,n,,
,Content type,Benefits detail page,Meta title tag,field_meta_title,x,,,,Text (plain),,y,1,Textfield with counter,n,,
,Content type,Benefits detail page,Owner,field_administration,x,,,,Entity reference,,y,1,Select list,y,,
,Content type,Benefits detail page,Page introduction,field_intro_text_limited_html,x,,,,"Text (formatted, long)",,y,1,-- Disabled --,,,
,Content type,Benefits detail page,Page introduction,field_intro_text ,x,,,,"Text (plain, long)",,y,1,Textarea (multiple rows) with counter,,,
,Content type,Benefits detail page,Page last built,field_page_last_built,x,,,,Date,,n,1,-- Disabled --,n,,
,Content type,Benefits detail page,Plain Language Certification Date,field_plainlanguage_date,x,,,,Date,,n,1,Date and time,n,,
,Content type,Benefits detail page,Related Links,field_related_links,x,,,,Entity reference revisions,,n,1,Paragraphs EXPERIMENTAL,n,,
,Content type,Benefits hub landing page,Alert,field_alert,x,,,,Entity reference,,,1,Entity browser,y,,
,Content type,Benefits hub landing page,Hub Icon,field_title_icon,x,,,,List (text),,n,1,Select list,n,,
,Content type,Benefits hub landing page,Hub label,field_home_page_hub_label,x,,,,Text (plain),,,1,Textfield,n,,
,Content type,Benefits hub landing page,Hub teaser text,field_teaser_text,x,,,,Text (plain),,,1,Textfield with counter,,,
,Content type,Benefits hub landing page,Links for non-veterans,field_links,x,,,,Link,,,*,Linkit,,,
,Content type,Benefits hub landing page,Meta description,field_description,x,,,,Text (plain),,y,1,Textfield with counter,y,,
,Content type,Benefits hub landing page,Meta tags,field_meta_tags,x,,,,Meta tags,,n,1,Advanced meta tags form,y,,
,Content type,Benefits hub landing page,Meta title tag,field_meta_title,x,,,,Text (plain),,y,1,Textfield with counter,y,,
,Content type,Benefits hub landing page,Owner,field_administration,x,,,,Entity reference,,y,1,Select list,,,
,Content type,Benefits hub landing page,Page introduction,field_intro_text,x,,,,"Text (plain, long)",,y,1,Text area (multiple rows),y,,
,Content type,Benefits hub landing page,Page last built,field_page_last_built,x,,,,Date,,n,1,Date and time,y,,
,Content type,Benefits hub landing page,Plain language Certified Date,field_plainlanguage_date,x,,,,Date,,n,1,Date and time,y,,
,Content type,Benefits hub landing page,Promo,field_promo,x,,,,Entity reference,,n,1,Select list,n,,
,Content type,Benefits hub landing page,Related Links,field_related_links,x,,,,Entity reference revisions,,n,1,Paragraphs Classic,y,,
,Content type,Benefits hub landing page,Spokes,field_spokes,x,,,,Entity reference revisions,,y,4,Paragraphs EXPERIMENTAL,n,,
,Content type,Benefits hub landing page,Support Services,field_support_services,x,,,,Entity reference,,n,*,Inline entity form - Complex,n,,
,Content type,Benefits hub landing page,Title,-,x,,,,Entity label,,-,-,Textfield,y,,
,Content type,Benefits hub landing page,Title,-,x,,,,Entity label,,-,-,Textfield,y,,
,Content type,Detail Page,Alert,field_alert,x,,,,Entity reference,,,1,Select list,y,,
,Content type,Detail Page,Featured content,field_featured_content,x,,,,Entity reference revisions,,,*,Paragraphs EXPERIMENTAL,y,,
,Content type,Detail Page,Generate a table of contents from major headings,field_table_of_contents_boolean,x,,,,Boolean,,,1,Single on/off checkbox,,,
,Content type,Detail Page,Main content,field_content_block,x,,,,Entity reference revisions,,,*,Paragraphs Browser EXPERIMENTAL,y,,
,Content type,Detail Page,Meta description,field_description,x,,,,Text (plain),,y,1,Textfield with counter,y,,
,Content type,Detail Page,Meta tags,field_meta_tags,x,,,,Meta tags,,,1,Advanced meta tags form,y,,
,Content type,Detail Page,Meta title tag,field_meta_title,x,,,,Text (plain),,y,1,Textfield with counter,y,,
,Content type,Detail Page,Owner,field_administration,x,,,,Entity reference,,y,1,Select list,y,,
,Content type,Detail Page,Page introduction,field_intro_text,x,,,,"Text (plain, long)",,y,1,Textarea (multiple rows) with counter,y,,
,Content type,Detail Page,Related Links,field_related_links,x,,,,Entity reference revisions,,,1,Paragraphs EXPERIMENTAL,y,,
,Content type,Detail Page,Related office or health care system,field_office,x,,,,Entity reference,,y,1,Select list,y,,
,Content type,Documentation page,Generate a table of contents from major headings,field_table_of_contents_boolean,x,,,,Boolean,,,1,-- Disabled --,y,,
,Content type,Documentation page,Main content,field_content_block,x,,,,Entity reference revisions,,,*,Paragraphs Browser EXPERIMENTAL,y,,
,Content type,Documentation page,Owner,field_administration,x,,,,Entity reference,,y,1,Select list,y,,
,Content type,Event,A human-readable label for the event location.,field_location_humanreadable,x,,,,Text (plain),,n,1,Textfield,n,,
,Content type,Event,Additional information about registration,field_additional_information_abo,x,,,,"Text (formatted, long)",,,1,Text area (multiple rows),,,
,Content type,Event,Address,field_address,x,,,,Address,,n,1,Address,n,,
,Content type,Event,Cost,field_event_cost,x,,,,Text (plain),,,1,Textfield with counter,,,
,Content type,Event,Date and time,field_date,x,,,,Date range,,,1,Date and time range,,,
,Content type,Event,Event listing,field_listing,x,,,,Entity reference,,y,1,Select list,n,,
,Content type,Event,Facility location,field_facility_location,x,,,,Entity reference,,n,1,Select list,n,,
,Content type,Event,Featured,field_featured,x,,,,Boolean,,,1,Single on/off checkbox,y,,
,Content type,Event,Full event description,field_body,x,,,,"Text (formatted, long)",,n,1,Text area (multiple rows),n,,
,Content type,Event,Image,field_media,x,,,,Entity reference,,n,1,Media library,y,,
,Content type,Event,Location type,field_location_type,x,,,,List (text),,n,1,Select list,n,,
,Content type,Event,Meta description,field_description,x,,,,Text (plain),,n,1,Textfield,y,,
,Content type,Event,Meta tags,field_meta_tags,x,,,,Meta tags,,n,1,Advanced meta tags form,y,,
,Content type,Event,Order,field_order,x,,,,List (integer),,,1,Select list,,,
,Content type,Event,Owner,field_administration,x,,,,Entity reference,,y,1,Select list,y,,
,Content type,Event,Registration required,field_event_registrationrequired,x,,,,Boolean,,n,1,Single on/off checkbox,n,,
,Content type,Event,URL Link Label,field_event_cta,x,,,,List (text),,n,1,Select list,n,,
,Content type,Event,URL of an external page or registration link for this event,field_link,x,,,,Link,,n,1,Link,y,,
,Content type,Event,URL of an online event,field_url_of_an_online_event,x,,,,Link,,,1,Link,,,
,Content type,Event listing page,Meta description,field_description,x,,,,Text (plain),,y,1,Textfield with counter,y,,
,Content type,Event listing page,Meta tags,field_meta_tags,x,,,,Meta tags,,,1,Advanced meta tags form,y,,
,Content type,Event listing page,Meta title tag,field_meta_title,x,,,,Text (plain),,y,1,Textfield with counter,y,,
,Content type,Event listing page,Owner,field_administration,x,,,,Entity reference,,y,1,Select list,y,,
,Content type,Event listing page,Page introduction,field_intro_text,x,,,,"Text (plain, long)",,n,1,Text area (multiple rows),y,,
,Content type,Event listing page,Related office or health care system,field_office,x,,,,Entity reference,,y,1,Select list,y,,
,Content type,Health services listing page,Featured content on health-services page,field_featured_content_healthser,x,,,,Entity reference revisions,,,3,Paragraphs Classic,y,,
,Content type,Health services listing page,Meta description,field_description,x,,,,Text (plain),,y,1,Textfield with counter,y,,
,Content type,Health services listing page,Meta tags,field_meta_tags,x,,,,Meta tags,,,1,Advanced meta tags form,y,,
,Content type,Health services listing page,Meta title tag,field_meta_title,x,,,,Text (plain),,y,1,Textfield with counter,y,,
,Content type,Health services listing page,Owner,field_administration,x,,,,Entity reference,,y,1,Select list,y,,
,Content type,Health services listing page,Page introduction,field_intro_text,x,,,,"Text (plain, long)",,n,1,Text area (multiple rows),y,,
,Content type,Health services listing page,Related office or health care system,field_office,x,,,,Entity reference,,y,1,Select list,y,,
,Content type,Leadership listing page,Leadership team,field_leadership,x,,,,Entity reference,,,*,Autocomplete,y,,
,Content type,Leadership listing page,Meta description,field_description,x,,,,Text (plain),,y,1,Textfield with counter,y,,
,Content type,Leadership listing page,Meta tags,field_meta_tags,x,,,,Meta tags,,,1,Advanced meta tags form,y,,
,Content type,Leadership listing page,Meta title tag,field_meta_title,x,,,,Text (plain),,y,1,Textfield with counter,y,,
,Content type,Leadership listing page,Owner,field_administration,x,,,,Entity reference,,y,1,Select list,y,,
,Content type,Leadership listing page,Page introduction,field_intro_text,x,,,,"Text (plain, long)",,n,1,Text area (multiple rows),y,,
,Content type,Leadership listing page,Related office or health care system,field_office,x,,,,Entity reference,,y,1,Select list,y,,
,Content type,Locations listing page,Meta description,field_description,x,,,,Text (plain),,y,1,Textfield with counter,y,,
,Content type,Locations listing page,Meta tags,field_meta_tags,x,,,,Meta tags,,,1,Advanced meta tags form,y,,
,Content type,Locations listing page,Meta title tag,field_meta_title,x,,,,Text (plain),,y,1,Textfield with counter,y,,
,Content type,Locations listing page,Owner,field_administration,x,,,,Entity reference,,y,1,Select list,y,,
,Content type,Locations listing page,Page introduction,field_intro_text,x,,,,"Text (plain, long)",,n,1,Text area (multiple rows),y,,
,Content type,Locations listing page,Related office or health care system,field_office,x,,,,Entity reference,,y,1,Select list,y,,
,Content type,NCA facility,Facility Locator API ID,field_facility_locator_api_id,x,,,,Text (plain),,n,1,Textfield,y,,
,Content type,NCA facility,Operating status,field_operating_status_facility,x,,,,List (text),,y,1,Select list,y,,
,Content type,NCA facility,Operating status - more info,field_operating_status_more_info,x,,,,"Text (plain, long)",,n,1,Textarea (multiple rows) with counter,y,,
,Content type,NCA facility,Owner,field_administration,x,,,,Entity reference,,y,1,Select list,y,,
,Content type,News release,Full text of the Press Release,field_press_release_fulltext,x,,,,"Text (formatted, long)",,y,1,Text area (multiple rows),n,,
,Content type,News release,Introduction,field_intro_text,x,,,,"Text (plain, long)",,y,1,Textarea (multiple rows) with counter,y,,
,Content type,News release,Location,field_address,x,,,,Address,,y,1,Address,y,,
,Content type,News release,Media assets,field_press_release_downloads,x,,,,Entity reference,,n,*,Media library,n,,
,Content type,News release,Media Contact(s),field_press_release_contact,x,,,,Entity reference,,n,*,Autocomplete,y,,
,Content type,News release,Meta tags,field_meta_tags,x,,,,Meta tags,,n,1,Advanced meta tags form,y,,
,Content type,News release,News releases listing,field_listing,x,,,,Entity reference,,y,1,Select list,y,,
,Content type,News release,Owner,field_administration,x,,,,Entity reference,,y,1,Select list,y,,
,Content type,News release,PDF of Press Release,field_pdf_version,x,,,,Entity reference,,n,1,Media library,n,,
,Content type,News release,Release date,field_release_date,x,,,,Date,,n,1,Date and time,n,,
,Content type,News release listing page,Meta description,field_description,x,,,,Text (plain),,y,1,Textfield with counter,y,,
,Content type,News release listing page,Meta tags,field_meta_tags,x,,,,Meta tags,,,1,Advanced meta tags form,y,,
,Content type,News release listing page,Meta title tag,field_meta_title,x,,,,Text (plain),,y,1,Textfield with counter,y,,
,Content type,News release listing page,Owner,field_administration,x,,,,Entity reference,,y,1,Select list,y,,
,Content type,News release listing page,Page introduction,field_intro_text,x,,,,"Text (plain, long)",,n,1,Text area (multiple rows),y,,
,Content type,News release listing page,Press Release Blurb,field_press_release_blurb,x,,,,"Text (formatted, long)",,,1,Text area (multiple rows),y,,
,Content type,News release listing page,Related office or health care system,field_office,x,,,,Entity reference,,y,1,Select list,y,,
,Content type,Office,Body,field_body,x,,,,"Text (formatted, long)",,,1,Text area (multiple rows),y,,
,Content type,Office,Meta description,field_description,x,,,,Text (plain),,,1,Textfield,y,,
,Content type,Office,Meta tags,field_meta_tags,x,,,,Meta tags,,,1,Advanced meta tags form,y,,
,Content type,Office,Meta title tag,field_meta_title,x,,,,Text (plain),,y,1,Textfield with counter,y,,
,Content type,Office,Owner,field_administration,x,,,,Entity reference,,y,1,Select list,y,,
,Content type,Publication,File or video,field_media,x,,,,Entity reference,,,1,Media library,,,
,Content type,Publication,Format,field_format,x,,,,List (text),,y,1,Select list,n,,
,Content type,Publication,Meta description,field_description,x,,,,Text (plain),,n,1,Textfield,y,,
,Content type,Publication,Meta tags,field_meta_tags,x,,,,Meta tags,,n,1,Advanced meta tags form,y,,
,Content type,Publication,Owner,field_administration,x,,,,Entity reference,,y,1,Select list,y,,
,Content type,Publication,Publication listing,field_listing,x,,,,Entity reference,,y,1,Select list,y,,
,Content type,Publication,Related Benefits,field_benefits,x,,,,List (text),,,1,Select list,,,
,Content type,Publication listing page,Intro text,field_intro_text,x,,,,"Text (plain, long)",,n,1,Text area (multiple rows),y,,
,Content type,Publication listing page,Meta description,field_description,x,,,,Text (plain),,y,1,Textfield with counter,y,,
,Content type,Publication listing page,Meta tags,field_meta_tags,x,,,,Meta tags,,,1,Advanced meta tags form,y,,
,Content type,Publication listing page,Meta title tag,field_meta_title,x,,,,Text (plain),,y,1,Textfield with counter,y,,
,Content type,Publication listing page,Owner,field_administration,x,,,,Entity reference,,y,1,Select list,y,,
,Content type,Publication listing page,Related office or health care system,field_office,x,,,,Entity reference,,y,1,Select list,y,,
,Content type,Staff profile,Bio,field_body,x,,,,"Text (formatted, long)",,,1,Text area (multiple rows),y,,
,Content type,Staff profile,Complete Biography,field_complete_biography,x,,,,File,,,1,File,,,
,Content type,Staff profile,Email address,field_email_address,x,,,,Email,,,1,Email,,,
,Content type,Staff profile,First name,field_name_first,x,,,,Text (plain),,,1,Textfield,,,
,Content type,Staff profile,High-resolution photo should be available for download by site visitors,field_photo_allow_hires_download,x,,,,Boolean,,,1,Single on/off checkbox,,,
,Content type,Staff profile,Introduction,field_intro_text,x,,,,"Text (plain, long)",,,1,Textarea (multiple rows) with counter,y,,
,Content type,Staff profile,Last name,field_last_name,x,,,,Text (plain),,,1,Textfield,,,
,Content type,Staff profile,Meta description,field_description,x,,,,Text (plain),,,1,Textfield,y,,
,Content type,Staff profile,Meta tags,field_meta_tags,x,,,,Meta tags,,,1,Advanced meta tags form,y,,
,Content type,Staff profile,Owner,field_administration,x,,,,Entity reference,,y,1,Select list,y,,
,Content type,Staff profile,Phone Number,field_phone_number,x,,,,Telephone number,,,1,Telephone number,y,,
,Content type,Staff profile,Photo,field_media,x,,,,Entity reference,,,1,Media library,y,,
,Content type,Staff profile,Related office or health care region,field_office,x,,,,Entity reference,,y,1,Select list,y,,
,Content type,Staff profile,Suffix,field_suffix,x,,,,Text (plain),,,1,Textfield,,,
,Content type,Story,Author byline,field_author,x,,,,Entity reference,,,1,Autocomplete,,,
,Content type,Story,Featured,field_featured,x,,,,Boolean,,,1,Single on/off checkbox,,,
,Content type,Story,Full text of Story,field_full_story,x,,,,"Text (formatted, long)",,,1,Text area (multiple rows),,,
,Content type,Story,Image,field_media,x,,,,Entity reference,,,1,Media library,y,,
,Content type,Story,Image caption,field_image_caption,x,,,,"Text (plain, long)",,,1,Textarea (multiple rows) with counter,,,
,Content type,Story,Intro text,field_intro_text,x,,,,"Text (plain, long)",,y,1,Textarea (multiple rows) with counter,y,,
,Content type,Story,Meta tags,field_meta_tags,x,,,,Meta tags,,,1,Advanced meta tags form,y,,
,Content type,Story,Order,field_order,x,,,,List (integer),,,1,Select list,y,,
,Content type,Story,Owner,field_administration,x,,,,Entity reference,,y,1,Select list,y,,
,Content type,Story,Story listing,field_listing,x,,,,Entity reference,,y,1,Select list,y,,
,Content type,Story listing page,Intro text,field_intro_text,x,,,,"Text (plain, long)",,n,1,Text area (multiple rows),y,,
,Content type,Story listing page,Meta description,field_description,x,,,,Text (plain),,y,1,Textfield with counter,y,,
,Content type,Story listing page,Meta tags,field_meta_tags,x,,,,Meta tags,,,1,Advanced meta tags form,y,,
,Content type,Story listing page,Meta title tag,field_meta_title,x,,,,Text (plain),,y,1,Textfield with counter,y,,
,Content type,Story listing page,Owner,field_administration,x,,,,Entity reference,,y,1,Select list,y,,
,Content type,Story listing page,Related office or health care system,field_office,x,,,,Entity reference,,y,1,Select list,y,,
,Content type,Support Service,Link,field_link,x,,,,Link,,n,1,Link,n,,
,Content type,Support Service,Owner,field_administration,x,,,,Entity reference,Sections,y,1,Select list,y,,
,Content type,Support Service,Page last built,field_page_last_built,x,,,,Date,,-,1,Date and time,y,,
,Content type,Support Service,Phone Number,field_phone_number,x,,,,Telephone number,,n,1,Telephone number,n,,
,Content type,Support Service,Related office,field_office,x,,,,Entity reference,,y,1,Select list,y,,
,Content type,VA Form,Benefits hub,field_benefit_categories,x,,,,Entity reference,,,*,Check boxes/radio buttons,n,,
,Content type,VA Form,Category,field_va_form_type,x,,,,List (text),,,1,Select list,,,
,Content type,VA Form,Form administration,field_va_form_administration,x,,,,Entity reference,,n,1,Select list,,,
,Content type,VA Form,Form name,field_va_form_name,x,,,,Text (plain),,n,1,Textfield,,,
,Content type,VA Form,Form number,field_va_form_number,x,,,,Text (plain),,n,1,Textfield,,,
,Content type,VA Form,Form title,field_va_form_title,x,,,,Text (plain),,n,1,Textfield,,,
,Content type,VA Form,Helpful links,field_va_form_link_teasers,x,,,,Entity reference revisions,Link teaser,n,*,Paragraphs Classic,,,
,Content type,VA Form,Issue date,field_va_form_issue_date,x,,,,Date,,n,1,Date and time,,,
,Content type,VA Form,Link to form,field_va_form_url,x,,,,Link,,n,1,Link,,,
,Content type,VA Form,Link to online tool,field_va_form_tool_url,x,,,,Link,,,1,Link,,,
,Content type,VA Form,Meta tags,field_meta_tags,x,,,,Meta tags,,,1,Advanced meta tags form,y,,
,Content type,VA Form,Number of pages,field_va_form_num_pages,x,,,,Number (integer),,,1,Number field,,,
,Content type,VA Form,Owner,field_administration,x,,,,Entity reference,,y,1,Select list,y,,
,Content type,VA Form,Related forms,field_va_form_related_forms,x,,,,Entity reference,,,*,Autocomplete,,,
,Content type,VA Form,Revision date,field_va_form_revision_date,x,,,,Date,,,1,Date and time,,,
,Content type,VA Form,Tool intro,field_va_form_tool_intro,x,,,,"Text (plain, long)",,,1,Text area (multiple rows),,,
,Content type,VA Form,When to use,field_va_form_usage,x,,,,"Text (formatted, long)",,,1,Text area (multiple rows),,,
,Content type,VAMC facility,Address,field_address,x,,,,Address,,n,1,Address,y,,
,Content type,VAMC facility,Classification,field_facility_classification,x,,,,List (text),,n,1,Select list,n,,
,Content type,VAMC facility,Email Subscription,field_email_subscription,x,,,,Link,,,1,Linkit,y,,
,Content type,VAMC facility,Facebook,field_facebook,x,,,,Link,,,1,Link,y,,
,Content type,VAMC facility,Facility Locator API ID,field_facility_locator_api_id,x,,,,Text (plain),,n,1,Textfield,,,
,Content type,VAMC facility,Flickr,field_flickr,x,,,,Link,,,1,Link,y,,
,Content type,VAMC facility,Hours,field_facility_hours ,x,,,,Table Field,,n,1,Table Field,,,
,Content type,VAMC facility,Image,field_media,x,,,,Entity reference,,,1,Media library,y,,
,Content type,VAMC facility,Instagram,field_instagram,x,,,,Link,,,1,Link,y,,
,Content type,VAMC facility,Intro text,field_intro_text,x,,,,"Text (plain, long)",,,1,Textarea (multiple rows) with counter,y,,
,Content type,VAMC facility,Local health care service offerings,field_local_health_care_service_,x,,,,Entity reference,,,*,-- Disabled --,y,,
,Content type,VAMC facility,Location services,field_location_services,x,,,,Entity reference revisions,,,*,Paragraphs Classic,,,
,Content type,VAMC facility,Main location,field_main_location,x,,,,Boolean,,,1,Single on/off checkbox,,,
,Content type,VAMC facility,Mental Health Phone,field_mental_health_phone,x,,,,Telephone number,,n,1,Telephone number,,,
,Content type,VAMC facility,Meta description,field_description,x,,,,Text (plain),,y,1,Textfield with counter,y,,
,Content type,VAMC facility,Meta tags,field_meta_tags,x,,,,Meta tags,,,1,Advanced meta tags form,y,,
,Content type,VAMC facility,Meta title tag,field_meta_title,x,,,,Text (plain),,y,1,Textfield with counter,y,,
,Content type,VAMC facility,Nickname for this facility,field_nickname_for_this_facility,x,,,,Text (plain),,y,1,-- Disabled --,,,
,Content type,VAMC facility,Operating status,field_operating_status_facility,x,,,,List (text),,y,1,Select list,,,
,Content type,VAMC facility,Operating status - more info,field_operating_status_more_info,x,,,,"Text (plain, long)",,n,1,Textarea (multiple rows) with counter,,,
,Content type,VAMC facility,Owner,field_administration,x,,,,Entity reference,,y,1,Select list,y,,
,Content type,VAMC facility,Phone Number,field_phone_number ,x,,,,Telephone number,,n,1,Telephone number,y,,
,Content type,VAMC facility,Region page,field_region_page,x,,,,Entity reference,,y,1,Select list,,,
,Content type,VAMC facility,Twitter,field_twitter,x,,,,Link,,,1,Link,y,,
,Content type,VAMC facility health service,Facility,field_facility_location,x,,,,Entity reference,VAMC facility,y,1,Select list,y,,
,Content type,VAMC facility health service,Facility description of service,field_body,x,,,,"Text (formatted, long)",,,1,Text area (multiple rows),y,,
,Content type,VAMC facility health service,Owner,field_administration,x,,,,Entity reference,Sections,y,1,Select list,y,,
,Content type,VAMC facility health service,VAMC system health service,field_regional_health_service,x,,,,Entity reference,VAMC,y,1,Select list,,,
,Content type,VAMC system,Appointments can be scheduled and viewed online,field_appointments_online,x,,,,Boolean,,,1,Single on/off checkbox,,,
,Content type,VAMC system,Banner image,field_media,x,,,,Entity reference,,,1,Media library,y,,
,Content type,VAMC system,Common Links,field_related_links,x,,,,Entity reference revisions,,,1,Paragraphs EXPERIMENTAL,y,,
,Content type,VAMC system,Community stories intro text,field_intro_text_news_stories,x,,,,"Text (formatted, long)",,,1,Textarea (multiple rows) with counter,,,
,Content type,VAMC system,Events page intro text,field_intro_text_events_page,x,,,,"Text (formatted, long)",,,1,Textarea (multiple rows) with counter,,,
,Content type,VAMC system,Facebook,field_facebook,x,,,,Link,,,1,Link,y,,
,Content type,VAMC system,Featured content on health-services page,field_featured_content_healthser,x,,,,Entity reference revisions,,,3,Paragraphs Classic,n,,
,Content type,VAMC system,Flickr,field_flickr,x,,,,Link,,,1,Link,y,,
,Content type,VAMC system,GovDelivery ID for Emergency updates email,field_govdelivery_id_emerg,x,,,,Text (plain),,y,1,Textfield,,,
,Content type,VAMC system,GovDelivery ID for News and Announcements,field_govdelivery_id_news,x,,,,Text (plain),,y,1,Textfield,,,
,Content type,VAMC system,Health services intro text,field_clinical_health_care_servi,x,,,,"Text (formatted, long)",,,1,Text area (multiple rows),,,
,Content type,VAMC system,Instagram,field_instagram,x,,,,Link,,,1,Link,y,,
,Content type,VAMC system,Leadership page intro text,field_intro_text_leadership,x,,,,"Text (plain, long)",,,1,Text area (multiple rows),,,
,Content type,VAMC system,Leadership team,field_leadership,x,,,,Entity reference,,,*,Autocomplete,,,
,Content type,VAMC system,Meta description,field_description,x,,,,Text (plain),,y,1,Textfield with counter,y,,
,Content type,VAMC system,Meta tags,field_meta_tags,x,,,,Meta tags,,,1,Advanced meta tags form,y,,
,Content type,VAMC system,Meta title tag,field_meta_title,x,,,,Text (plain),,y,1,Textfield with counter,y,,
,Content type,VAMC system,Operating status,field_operating_status,x,,,,Link,,,1,Linkit,,,
,Content type,VAMC system,Other VA Locations,field_other_va_locations,x,,,,Text (plain),,,*,Textfield,,,
,Content type,VAMC system,Our Locations intro text,field_locations_intro_blurb,x,,,,"Text (formatted, long)",,y,1,Text area (multiple rows),,,
,Content type,VAMC system,Owner,field_administration,x,,,,Entity reference,,y,1,Select list,y,,
,Content type,VAMC system,Page introduction,field_intro_text,x,,,,"Text (plain, long)",,y,1,Textarea (multiple rows) with counter,y,,
,Content type,VAMC system,Press Release Blurb,field_press_release_blurb,x,,,,"Text (formatted, long)",,,1,Textarea (multiple rows) with counter,,,
,Content type,VAMC system,Press releases intro text,field_intro_text_press_releases,x,,,,"Text (plain, long)",,,1,Text area (multiple rows),,,
,Content type,VAMC system,Regional Health Service Offerings.,field_clinical_health_services,x,,,,Entity reference,,,*,Select list,,,
,Content type,VAMC system,Twitter,field_twitter,x,,,,Link,,,1,Link,y,,
,Content type,VAMC system,VAMC system official name,field_vamc_system_official_name,x,,,,Text (plain),,,1,Textfield,n,,
,Content type,VAMC system,VAMC system short name,field_nickname_for_this_facility,x,,,,Text (plain),,,1,-- Disabled --,y,,
,Content type,VAMC system banner alert with situation updates,Alert body,field_body,x,,,,"Text (formatted, long)",,y,1,Text area (multiple rows),y,,
,Content type,VAMC system banner alert with situation updates,Alert dismissable?,field_alert_dismissable,x,,,,Boolean,,n,1,Single on/off checkbox,,,
,Content type,VAMC system banner alert with situation updates,Alert type,field_alert_type,x,,,,List (text),,y,1,Select list,,,
,Content type,VAMC system banner alert with situation updates,Any information that is additional to any time-sensitive situation updates,field_banner_alert_situationinfo,x,,,,"Text (formatted, long)",,,1,Text area (multiple rows),,,
,Content type,VAMC system banner alert with situation updates,Computed values for alerts,field_banner_alert_computdvalues,x,,,,"Computed (text, long)",,,1,-- Disabled --,,,
,Content type,VAMC system banner alert with situation updates,"Display ""Find other VA facilities near you"" link?",field_alert_find_facilities_cta,x,,,,Boolean,,,1,Single on/off checkbox,,,
,Content type,VAMC system banner alert with situation updates,"Display ""Get updates on affected services and facilities"" link",field_alert_operating_status_cta,x,,,,Boolean,,,1,Single on/off checkbox,,,
,Content type,VAMC system banner alert with situation updates,"Display ""Subscribe to email updates"" link?",field_alert_email_updates_button,x,,,,Boolean,,,1,Single on/off checkbox,,,
,Content type,VAMC system banner alert with situation updates,Only show on VAMC System page & Operating status page,field_alert_inheritance_subpages,x,,,,Boolean,,,1,Single on/off checkbox,n,,
,Content type,VAMC system banner alert with situation updates,Owner,field_administration,x,,,,Entity reference,,y,1,Select list,y,,
,Content type,VAMC system banner alert with situation updates,Send email to subscribers via GovDelivery?,field_operating_status_sendemail,x,,,,Boolean,,,1,Single on/off checkbox,y,,
,Content type,VAMC system banner alert with situation updates,Situation updates,field_situation_updates,x,,,,Entity reference revisions,,,*,Paragraphs EXPERIMENTAL,,,
,Content type,VAMC system banner alert with situation updates,VAMC system(s),field_banner_alert_vamcs,x,,,,Entity reference,,y,*,Check boxes/radio buttons,,,
,Content type,VAMC system health service,Facility-specific descriptions of this service,field_local_health_care_service_,x,,,,Entity reference,VAMC system health service,,*,Inline entity form - Complex - Table View Mode,,,
,Content type,VAMC system health service,Owner,field_administration,x,,,,Entity reference,Sections,y,1,Select list,y,,
,Content type,VAMC system health service,VAMC system,field_region_page,x,,,,Entity reference,VAMC system,y,1,Select list,y,,
,Content type,VAMC system health service,VAMC system description of service,field_body,x,,,,"Text (formatted, long)",,,1,Text area (multiple rows),y,,
,Content type,VAMC system health service,VHA service name and description,field_service_name_and_descripti,x,,,,Entity reference,VHA health service taxonomy,y,1,Select list,,,
,Content type,VAMC system operating status,Banner alert and situation updates,field_banner_alert,x,,,,Entity reference,VAMC system banner alert with situation updates,,*,Inline entity form - Complex - Table View Mode,,,
,Content type,VAMC system operating status,Emergency information,field_operating_status_emerg_inf,x,,,,"Text (formatted, long)",,y,1,Text area (multiple rows),,,
,Content type,VAMC system operating status,Links,field_links,x,,,,Link,,,*,Link,y,,
,Content type,VAMC system operating status,Meta tags,field_meta_tags,x,,,,Meta tags,,,1,-- Disabled --,y,,
,Content type,VAMC system operating status,Owner,field_administration,x,,,,Entity reference,Sections,y,1,Select list,y,,
,Content type,VAMC system operating status,Update individual facility statuses,field_facility_operating_status,x,,,,Entity reference,,,*,Inline entity form - Complex - Table View Mode,,,
,Content type,VAMC system operating status,VAMC system,field_office,x,,,,Entity reference,,y,1,Select list,y,,
,Content type,VBA facility,Facility Locator API ID,field_facility_locator_api_id,x,,,,Text (plain),,n,1,Textfield,y,,
,Content type,VBA facility,Operating status,field_operating_status_facility,x,,,,List (text),,y,1,Select list,y,,
,Content type,VBA facility,Operating status - more info,field_operating_status_more_info,x,,,,"Text (plain, long)",,n,1,Textarea (multiple rows) with counter,y,,
,Content type,VBA facility,Owner,field_administration,x,,,,Entity reference,,y,1,Select list,y,,
,Content type,Vet Center,Facility Locator API ID,field_facility_locator_api_id,x,,,,Text (plain),,n,1,Textfield,y,,
,Content type,Vet Center,Operating status,field_operating_status_facility,x,,,,List (text),,y,1,Select list,y,,
,Content type,Vet Center,Operating status - more info,field_operating_status_more_info,x,,,,"Text (plain, long)",,n,1,Textarea (multiple rows) with counter,y,,
,Content type,Vet Center,Owner,field_administration,x,,,,Entity reference,,y,1,Select list,y,,
,Custom block type,Alert,Alert body,field_alert_content,x,,,,Entity reference revisions,,y,1,Paragraphs Classic,,,
,Custom block type,Alert,Alert dismissable?,field_alert_dismissable,x,,,,Boolean,,n,1,Single on/off checkbox,,,
,Custom block type,Alert,Alert title,field_alert_title,x,,,,Text (plain),,y,1,Textfield,,,
,Custom block type,Alert,Alert Type,field_alert_type,x,,,,List (text),,y,1,Select list,,,
,Custom block type,Alert,Banner or in-page alert?,field_is_this_a_header_alert_,x,,,,List (text),,,1,Select list,,,
,Custom block type,Alert,Owner,field_owner,x,,,,Entity reference,,y,1,Select list,,,
,Custom block type,Alert,Persistence (for dismissable alerts only),field_alert_frequency,x,,,,List (text),,y,1,Select list,,,
,Custom block type,Alert,Reusability,field_reusability,x,,,,List (text),,y,1,-- Disabled --,,,
,Custom block type,Alert,Scope,field_node_reference,x,,,,Entity reference,,n,*,Autocomplete,,,
,Custom block type,Basic block,Block description,-,x,,,,Entity label,,y,1,Textfield,n,,
,Custom block type,Promo,Image,field_image,x,,,,Entity reference,,y,1,Media library,n,,
,Custom block type,Promo,Instructions,field_instructions,x,,,,Markup,,-,1,Markup,n,,
,Custom block type,Promo,Link,field_promo_link,x,,,,Entity reference revisions,,-,1,Paragraphs Classic,n,,
,Custom block type,Promo,Owner,field_owner,x,,,,Entity reference,,y,1,Select list,y,,
,Media type,Document,Document,field_document,x,,,,File,,y,1,File,n,,
,Media type,Document,Media name,-,x,,,,Entity label,,-,-,Textfield,y,,
,Media type,Document,Media submission guidelines,field_media_submission_guideline,x,,,,Markup,,,1,Markup,,,
,Media type,Document,Owner,field_owner,x,,,,Entity reference,,y,1,Select list,,,
,Media type,Document,Reusable,field_media_in_library,x,,,,Boolean,,,1,-- Disabled --,y,,
,Media type,Image,Image,image,x,,,,Image,,y,1,ImageWidget crop,n,,
,Media type,Image,Media name,-,x,,,,Entity label,,-,-,Textfield,y,,
,Media type,Image,Media submission guidelines,field_media_submission_guideline,x,,,,Markup,,,1,Markup,y,,
,Media type,Image,Owner,field_owner,x,,,,Entity reference,,y,1,Select list,y,,
,Media type,Image,Reusable,field_media_in_library,x,,,,Boolean,,,1,-- Disabled --,,,
,Media type,Video,Media name,-,x,,,,Entity label,,-,-,Textfield,y,,
,Media type,Video,Media submission guidelines,field_media_submission_guideline,x,,,,Markup,,,1,Markup,y,,
,Media type,Video,Owner,field_owner,x,,,,Entity reference,,y,1,Select list,y,,
,Media type,Video,Reusable,field_media_in_library,x,,,,Boolean,,,1,-- Disabled --,y,,
,Media type,Video,Video URL,field_media_video_embed_field,x,,,,Video Embed,,y,1,Video Textfield,y,,
,Paragraph type,Accordion group,Accordion Items,field_va_paragraphs,x,,,,Entity reference revisions,,y,*,Paragraphs Classic,y,,
,Paragraph type,Accordion group,Add border around items,field_collapsible_panel_bordered,x,,,,Boolean,,n,1,-- Disabled --,,,
,Paragraph type,Accordion group,Allow more than one item to expand at a time,field_collapsible_panel_multi,x,,,,Boolean,,n,1,-- Disabled --,n,,
,Paragraph type,Accordion group,Start expanded,field_collapsible_panel_expand,x,,,,Boolean,,n,1,-- Disabled --,n,,
,Paragraph type,Accordion Item,Content block(s),field_va_paragraphs,x,,,,Entity reference revisions,,,*,Paragraphs Classic,y,,
,Paragraph type,Accordion Item,Text,field_wysiwyg,x,,,,"Text (formatted, long)",,,1,Textarea (multiple rows) with counter,y,,
,Paragraph type,Accordion Item,Title,field_title,x,,,,Text (plain),,y,1,Textfield with counter,y,,
,Paragraph type,Additional information,Instructions for obtaining more information in Spanish,field_text_expander,x,,,,Text (plain),,,1,Textfield with counter,y,,
,Paragraph type,Additional information,Text,field_wysiwyg,x,,,,"Text (formatted, long)",,,1,Textarea (multiple rows) with counter,y,,
,Paragraph type,Address,Address,field_address,x,,,,Address,,-,1,Address,n,,
,Paragraph type,Alert,Alert content,field_va_paragraphs,x,,,,Entity reference revisions,,,*,Paragraphs EXPERIMENTAL,y,,
,Paragraph type,Alert,Alert Heading,field_alert_heading,x,,,,Text (plain),,,1,Textfield with counter,,,
,Paragraph type,Alert,Alert Type,field_alert_type,x,,,,List (text),,,1,Select list,,,
,Paragraph type,Alert,Reusable alert,field_alert_block_reference,x,,,,Entity reference,,,1,Entity browser,,,
,Paragraph type,Embedded image,Allow clicks on this image to open it in new tab,field_allow_clicks_on_this_image,x,,,,Boolean,,,1,Single on/off checkbox,,,
,Paragraph type,Embedded image,Markup,field_markup,x,,,,Markup,,,1,Markup,,,
,Paragraph type,Embedded image,Select an image,field_media,x,,,,Entity reference,,,1,Media library,,,
,Paragraph type,Expandable Text,Full Text,field_wysiwyg,x,,,,"Text (formatted, long)",,y,1,Textarea (multiple rows) with counter,y,,
,Paragraph type,Expandable Text,Text Expander,field_text_expander,x,,,,Text (plain),,y,1,Textfield with counter,,,
,Paragraph type,Link teaser,Link,field_link,x,,,,Link,,,1,Linkit,,,
,Paragraph type,Link teaser,Link summary,field_link_summary,x,,,,Text (plain),,,1,Textfield with counter,,,
,Paragraph type,Link to file or video,Link text,field_title,x,,,,Text (plain),,y,1,Textfield,y,,
,Paragraph type,Link to file or video,Link to a file or video,field_media,x,,,,Entity reference,,y,1,Media library,y,,
,Paragraph type,Link to file or video,Markup,field_markup,x,,,,Markup,,,1,Markup,y,,
,Paragraph type,List of link teasers,Link teasers,field_va_paragraphs,x,,,,Entity reference revisions,,y,*,Paragraphs Classic,y,,
,Paragraph type,List of link teasers,Title,field_title,x,,,,Text (plain),,n,1,Textfield,y,,
,Paragraph type,Number callout,Additional information,field_wysiwyg,x,,,,"Text (formatted, long)",,,1,Textarea (multiple rows) with counter,y,,
,Paragraph type,Number callout,"Short phrase with a number, or time element",field_short_phrase_with_a_number,x,,,,Text (plain),,y,1,Textfield with counter,,,
,Paragraph type,Process list,Steps,field_steps,x,,,,"Text (formatted, long)",,y,*,Text area (multiple rows),,,
,Paragraph type,Q&A,Answer,field_answer,x,,,,Entity reference revisions,,y,*,Paragraphs EXPERIMENTAL,n,,
,Paragraph type,Q&A,Question,field_question,x,,,,Text (plain),,y,1,Textfield with counter,,,
,Paragraph type,Q&A Section,Display this set of Q&As as a group of accordions.,field_accordion_display,x,,,,Boolean,,n,1,Single on/off checkbox,n,,
,Paragraph type,Q&A Section,Questions,field_questions,x,,,,Entity reference revisions,,y,*,Paragraphs EXPERIMENTAL,n,,
,Paragraph type,Q&A Section,Section Header,field_section_header,x,,,,Text (plain),,n,1,Textfield,n,,An optional title that groups multiple questions together.
,Paragraph type,Q&A Section,Section Intro,field_section_intro,x,,,,"Text (plain, long)",,n,1,Text area (multiple rows),n,,
,Paragraph type,React Widget,Call To Action Widget,field_cta_widget,x,,,,Boolean,,n,1,Single on/off checkbox,n,,
,Paragraph type,React Widget,Default Link,field_default_link,x,,,,Link,,n,1,Linkit,,,
,Paragraph type,React Widget,Display default link as button,field_button_format,x,,,,Boolean,,n,1,Single on/off checkbox,n,,
,Paragraph type,React Widget,Error Message,field_error_message,x,,,,Text (formatted),,n,1,Text field,n,,
,Paragraph type,React Widget,Loading Message,field_loading_message,x,,,,Text (plain),,n,1,Textfield,n,,
,Paragraph type,React Widget,Timeout,field_timeout,x,,,,Number (integer),,n,1,Number field,n,,
,Paragraph type,React Widget,Widget Type,field_widget_type,x,,,,Text (plain),,y,1,Textfield,n,,
,Paragraph type,Situation update,Date and time,field_date_and_time,x,,,,Date,,y,1,Date and time,,,
,Paragraph type,Situation update,Send email to subscribers via GovDelivery?,field_send_email_to_subscribers,x,,,,Boolean,,n,1,Single on/off checkbox,,,
,Paragraph type,Situation update,Update,field_wysiwyg,x,,,,"Text (formatted, long)",,y,1,Text area (multiple rows),y,,
,Paragraph type,Staff profile,Staff profile,field_staff_profile,x,,,,Entity reference,Staff profile,y,1,Select list,,,
,Paragraph type,Table,Table,field_table,x,,,,Table Field,,n,1,Table Field,,,
,Paragraph type,VAMC facility service (non-healthcare service),Service name,field_title,x,,,,Text (plain),,y,1,Textfield with counter,y,,
,Paragraph type,VAMC facility service (non-healthcare service),Text,field_wysiwyg,x,,,,"Text (formatted, long)",,y,1,Textarea (multiple rows) with counter,y,,
,Paragraph type,WYSIWYG,Text,field_wysiwyg,x,,,,"Text (formatted, long)",,y,1,Textarea (multiple rows) with counter,y,,
,Vocabulary,Sections,Acronym,field_acronym,x,,,,Text (plain),,-,1,Textfield,n,,"Eg VHA, VBA, NCA, OPIA, OIT, etc"
,Vocabulary,Sections,Description,field_description,x,,,,Text (plain),,n,1,Textfield,n,,"Describe the content concisely, ideally between 120 and 158 characters. This text will appear on content listings on the site, and will describe the content in search engines, and when this content is shared on social media."
,Vocabulary,Sections,Intro text,field_intro_text,x,,,,"Text (plain, long)",,n,1,Text area (multiple rows),n,,[Help text here]
,Vocabulary,Sections,Link,field_link,x,,,,Link,,-,1,Linkit,n,,"The URL for the legacy landing page for this office, if it's not the page you're currently creating/editing."
,Vocabulary,Sections,Link text,field_email_updates_link_text,x,,,,Text (plain),,-,1,Textfield,n,,
,Vocabulary,Sections,Metatags,field_metatags,x,,,,Meta tags,,-,1,Advanced meta tags form,n,,
,Vocabulary,Sections,Social media links,field_social_media_links,x,,,,Social Media Links Field ,,-,1,List with all available platforms,n,,
,Vocabulary,Sections,URL,field_email_updates_url,x,,,,Text (plain),,-,1,Textfield,n,,Starting with https://
,Vocabulary,VHA health service taxonomy,Common conditions,field_commonly_treated_condition,x,,,,Text (plain),,,1,Textfield,,,
,Vocabulary,VHA health service taxonomy,Health Service API ID,field_health_service_api_id,x,,,,Text (plain),,,1,Textfield,,,
,Vocabulary,VHA health service taxonomy,Owner,field_owner,x,,,,Entity reference,Sections,y,1,-- Disabled --,,,
,Vocabulary,VHA health service taxonomy,Patient-friendly name,field_also_known_as,x,,,,Text (plain),,,1,Textfield,,,
,Vocabulary,VHA health service taxonomy,VHA Stop code,field_vha_healthservice_stopcode,x,,,,Number (integer),,n,1,Number field,n,,